date,kind,time_et,source
2010-01-08,NFP,08:30,BLS rule (approximate)
2010-01-27,FOMC,14:00,Fed meeting calendar
2010-02-05,NFP,08:30,BLS rule (approximate)
2010-03-05,NFP,08:30,BLS rule (approximate)
2010-03-16,FOMC,14:00,Fed meeting calendar
2010-04-02,NFP,08:30,BLS rule (approximate)
2010-04-28,FOMC,14:00,Fed meeting calendar
2010-05-07,NFP,08:30,BLS rule (approximate)
2010-06-04,NFP,08:30,BLS rule (approximate)
2010-06-23,FOMC,14:00,Fed meeting calendar
2010-07-02,NFP,08:30,BLS rule (approximate)
2010-08-06,NFP,08:30,BLS rule (approximate)
2010-08-10,FOMC,14:00,Fed meeting calendar
2010-09-03,NFP,08:30,BLS rule (approximate)
2010-09-21,FOMC,14:00,Fed meeting calendar
2010-10-08,NFP,08:30,BLS rule (approximate)
2010-11-03,FOMC,14:00,Fed meeting calendar
2010-11-05,NFP,08:30,BLS rule (approximate)
2010-12-03,NFP,08:30,BLS rule (approximate)
2010-12-14,FOMC,14:00,Fed meeting calendar
2011-01-07,NFP,08:30,BLS rule (approximate)
2011-01-26,FOMC,14:00,Fed meeting calendar
2011-02-04,NFP,08:30,BLS rule (approximate)
2011-03-04,NFP,08:30,BLS rule (approximate)
2011-03-15,FOMC,14:00,Fed meeting calendar
2011-04-01,NFP,08:30,BLS rule (approximate)
2011-04-27,FOMC,14:00,Fed meeting calendar
2011-05-06,NFP,08:30,BLS rule (approximate)
2011-06-03,NFP,08:30,BLS rule (approximate)
2011-06-22,FOMC,14:00,Fed meeting calendar
2011-07-08,NFP,08:30,BLS rule (approximate)
2011-08-05,NFP,08:30,BLS rule (approximate)
2011-08-09,FOMC,14:00,Fed meeting calendar
2011-09-02,NFP,08:30,BLS rule (approximate)
2011-09-21,FOMC,14:00,Fed meeting calendar
2011-10-07,NFP,08:30,BLS rule (approximate)
2011-11-02,FOMC,14:00,Fed meeting calendar
2011-11-04,NFP,08:30,BLS rule (approximate)
2011-12-02,NFP,08:30,BLS rule (approximate)
2011-12-13,FOMC,14:00,Fed meeting calendar
2012-01-06,NFP,08:30,BLS rule (approximate)
2012-01-25,FOMC,14:00,Fed meeting calendar
2012-02-03,NFP,08:30,BLS rule (approximate)
2012-03-09,NFP,08:30,BLS rule (approximate)
2012-03-13,FOMC,14:00,Fed meeting calendar
2012-04-06,NFP,08:30,BLS rule (approximate)
2012-04-25,FOMC,14:00,Fed meeting calendar
2012-05-04,NFP,08:30,BLS rule (approximate)
2012-06-01,NFP,08:30,BLS rule (approximate)
2012-06-20,FOMC,14:00,Fed meeting calendar
2012-07-06,NFP,08:30,BLS rule (approximate)
2012-08-01,FOMC,14:00,Fed meeting calendar
2012-08-03,NFP,08:30,BLS rule (approximate)
2012-09-07,NFP,08:30,BLS rule (approximate)
2012-09-13,FOMC,14:00,Fed meeting calendar
2012-10-05,NFP,08:30,BLS rule (approximate)
2012-10-24,FOMC,14:00,Fed meeting calendar
2012-11-02,NFP,08:30,BLS rule (approximate)
2012-12-07,NFP,08:30,BLS rule (approximate)
2012-12-12,FOMC,14:00,Fed meeting calendar
2013-01-04,NFP,08:30,BLS rule (approximate)
2013-01-30,FOMC,14:00,Fed meeting calendar
2013-02-01,NFP,08:30,BLS rule (approximate)
2013-03-08,NFP,08:30,BLS rule (approximate)
2013-03-20,FOMC,14:00,Fed meeting calendar
2013-04-05,NFP,08:30,BLS rule (approximate)
2013-05-01,FOMC,14:00,Fed meeting calendar
2013-05-03,NFP,08:30,BLS rule (approximate)
2013-06-07,NFP,08:30,BLS rule (approximate)
2013-06-19,FOMC,14:00,Fed meeting calendar
2013-07-05,NFP,08:30,BLS rule (approximate)
2013-07-31,FOMC,14:00,Fed meeting calendar
2013-08-02,NFP,08:30,BLS rule (approximate)
2013-09-06,NFP,08:30,BLS rule (approximate)
2013-09-18,FOMC,14:00,Fed meeting calendar
2013-10-22,NFP,08:30,BLS (shutdown-adjusted)
2013-10-30,FOMC,14:00,Fed meeting calendar
2013-11-08,NFP,08:30,BLS (shutdown-adjusted)
2013-12-06,NFP,08:30,BLS rule (approximate)
2013-12-18,FOMC,14:00,Fed meeting calendar
2014-01-10,NFP,08:30,BLS rule (approximate)
2014-01-29,FOMC,14:00,Fed meeting calendar
2014-02-07,NFP,08:30,BLS rule (approximate)
2014-03-07,NFP,08:30,BLS rule (approximate)
2014-03-19,FOMC,14:00,Fed meeting calendar
2014-04-04,NFP,08:30,BLS rule (approximate)
2014-04-30,FOMC,14:00,Fed meeting calendar
2014-05-02,NFP,08:30,BLS rule (approximate)
2014-06-06,NFP,08:30,BLS rule (approximate)
2014-06-18,FOMC,14:00,Fed meeting calendar
2014-07-03,NFP,08:30,BLS rule (approximate)
2014-07-30,FOMC,14:00,Fed meeting calendar
2014-08-01,NFP,08:30,BLS rule (approximate)
2014-09-05,NFP,08:30,BLS rule (approximate)
2014-09-17,FOMC,14:00,Fed meeting calendar
2014-10-03,NFP,08:30,BLS rule (approximate)
2014-10-29,FOMC,14:00,Fed meeting calendar
2014-11-07,NFP,08:30,BLS rule (approximate)
2014-12-05,NFP,08:30,BLS rule (approximate)
2014-12-17,FOMC,14:00,Fed meeting calendar
2015-01-09,NFP,08:30,BLS rule (approximate)
2015-01-28,FOMC,14:00,Fed meeting calendar
2015-02-06,NFP,08:30,BLS rule (approximate)
2015-03-06,NFP,08:30,BLS rule (approximate)
2015-03-18,FOMC,14:00,Fed meeting calendar
2015-04-03,NFP,08:30,BLS rule (approximate)
2015-04-29,FOMC,14:00,Fed meeting calendar
2015-05-08,NFP,08:30,BLS rule (approximate)
2015-06-05,NFP,08:30,BLS rule (approximate)
2015-06-17,FOMC,14:00,Fed meeting calendar
2015-07-02,NFP,08:30,BLS rule (approximate)
2015-07-29,FOMC,14:00,Fed meeting calendar
2015-08-07,NFP,08:30,BLS rule (approximate)
2015-09-04,NFP,08:30,BLS rule (approximate)
2015-09-17,FOMC,14:00,Fed meeting calendar
2015-10-02,NFP,08:30,BLS rule (approximate)
2015-10-28,FOMC,14:00,Fed meeting calendar
2015-11-06,NFP,08:30,BLS rule (approximate)
2015-12-04,NFP,08:30,BLS rule (approximate)
2015-12-16,FOMC,14:00,Fed meeting calendar
2016-01-08,NFP,08:30,BLS rule (approximate)
2016-01-27,FOMC,14:00,Fed meeting calendar
2016-02-05,NFP,08:30,BLS rule (approximate)
2016-03-04,NFP,08:30,BLS rule (approximate)
2016-03-16,FOMC,14:00,Fed meeting calendar
2016-04-01,NFP,08:30,BLS rule (approximate)
2016-04-27,FOMC,14:00,Fed meeting calendar
2016-05-06,NFP,08:30,BLS rule (approximate)
2016-06-03,NFP,08:30,BLS rule (approximate)
2016-06-15,FOMC,14:00,Fed meeting calendar
2016-07-08,NFP,08:30,BLS rule (approximate)
2016-07-27,FOMC,14:00,Fed meeting calendar
2016-08-05,NFP,08:30,BLS rule (approximate)
2016-09-02,NFP,08:30,BLS rule (approximate)
2016-09-21,FOMC,14:00,Fed meeting calendar
2016-10-07,NFP,08:30,BLS rule (approximate)
2016-11-02,FOMC,14:00,Fed meeting calendar
2016-11-04,NFP,08:30,BLS rule (approximate)
2016-12-02,NFP,08:30,BLS rule (approximate)
2016-12-14,FOMC,14:00,Fed meeting calendar
2017-01-06,NFP,08:30,BLS rule (approximate)
2017-02-01,FOMC,14:00,Fed meeting calendar
2017-02-03,NFP,08:30,BLS rule (approximate)
2017-03-10,NFP,08:30,BLS rule (approximate)
2017-03-15,FOMC,14:00,Fed meeting calendar
2017-04-07,NFP,08:30,BLS rule (approximate)
2017-05-03,FOMC,14:00,Fed meeting calendar
2017-05-05,NFP,08:30,BLS rule (approximate)
2017-06-02,NFP,08:30,BLS rule (approximate)
2017-06-14,FOMC,14:00,Fed meeting calendar
2017-07-07,NFP,08:30,BLS rule (approximate)
2017-07-26,FOMC,14:00,Fed meeting calendar
2017-08-04,NFP,08:30,BLS rule (approximate)
2017-09-01,NFP,08:30,BLS rule (approximate)
2017-09-20,FOMC,14:00,Fed meeting calendar
2017-10-06,NFP,08:30,BLS rule (approximate)
2017-11-01,FOMC,14:00,Fed meeting calendar
2017-11-03,NFP,08:30,BLS rule (approximate)
2017-12-08,NFP,08:30,BLS rule (approximate)
2017-12-13,FOMC,14:00,Fed meeting calendar
2018-01-05,NFP,08:30,BLS rule (approximate)
2018-01-31,FOMC,14:00,Fed meeting calendar
2018-02-02,NFP,08:30,BLS rule (approximate)
2018-03-09,NFP,08:30,BLS rule (approximate)
2018-03-21,FOMC,14:00,Fed meeting calendar
2018-04-06,NFP,08:30,BLS rule (approximate)
2018-05-02,FOMC,14:00,Fed meeting calendar
2018-05-04,NFP,08:30,BLS rule (approximate)
2018-06-01,NFP,08:30,BLS rule (approximate)
2018-06-13,FOMC,14:00,Fed meeting calendar
2018-07-06,NFP,08:30,BLS rule (approximate)
2018-08-01,FOMC,14:00,Fed meeting calendar
2018-08-03,NFP,08:30,BLS rule (approximate)
2018-09-07,NFP,08:30,BLS rule (approximate)
2018-09-26,FOMC,14:00,Fed meeting calendar
2018-10-05,NFP,08:30,BLS rule (approximate)
2018-11-02,NFP,08:30,BLS rule (approximate)
2018-11-08,FOMC,14:00,Fed meeting calendar
2018-12-07,NFP,08:30,BLS rule (approximate)
2018-12-19,FOMC,14:00,Fed meeting calendar
2019-01-04,NFP,08:30,BLS rule (approximate)
2019-01-30,FOMC,14:00,Fed meeting calendar
2019-02-01,NFP,08:30,BLS rule (approximate)
2019-03-08,NFP,08:30,BLS rule (approximate)
2019-03-20,FOMC,14:00,Fed meeting calendar
2019-04-05,NFP,08:30,BLS rule (approximate)
2019-05-01,FOMC,14:00,Fed meeting calendar
2019-05-03,NFP,08:30,BLS rule (approximate)
2019-06-07,NFP,08:30,BLS rule (approximate)
2019-06-19,FOMC,14:00,Fed meeting calendar
2019-07-05,NFP,08:30,BLS rule (approximate)
2019-07-31,FOMC,14:00,Fed meeting calendar
2019-08-02,NFP,08:30,BLS rule (approximate)
2019-09-06,NFP,08:30,BLS rule (approximate)
2019-09-18,FOMC,14:00,Fed meeting calendar
2019-10-04,NFP,08:30,BLS rule (approximate)
2019-10-30,FOMC,14:00,Fed meeting calendar
2019-11-01,NFP,08:30,BLS rule (approximate)
2019-12-06,NFP,08:30,BLS rule (approximate)
2019-12-11,FOMC,14:00,Fed meeting calendar
2020-01-10,NFP,08:30,BLS rule (approximate)
2020-01-29,FOMC,14:00,Fed meeting calendar
2020-02-07,NFP,08:30,BLS rule (approximate)
2020-03-03,FOMC,14:00,Fed meeting calendar
2020-03-06,NFP,08:30,BLS rule (approximate)
2020-03-16,FOMC,14:00,Fed meeting calendar
2020-04-03,NFP,08:30,BLS rule (approximate)
2020-04-29,FOMC,14:00,Fed meeting calendar
2020-05-08,NFP,08:30,BLS rule (approximate)
2020-06-05,NFP,08:30,BLS rule (approximate)
2020-06-10,FOMC,14:00,Fed meeting calendar
2020-07-02,NFP,08:30,BLS rule (approximate)
2020-07-29,FOMC,14:00,Fed meeting calendar
2020-08-07,NFP,08:30,BLS rule (approximate)
2020-09-04,NFP,08:30,BLS rule (approximate)
2020-09-16,FOMC,14:00,Fed meeting calendar
2020-10-02,NFP,08:30,BLS rule (approximate)
2020-11-05,FOMC,14:00,Fed meeting calendar
2020-11-06,NFP,08:30,BLS rule (approximate)
2020-12-04,NFP,08:30,BLS rule (approximate)
2020-12-16,FOMC,14:00,Fed meeting calendar
2021-01-08,NFP,08:30,BLS rule (approximate)
2021-01-27,FOMC,14:00,Fed meeting calendar
2021-02-05,NFP,08:30,BLS rule (approximate)
2021-03-05,NFP,08:30,BLS rule (approximate)
2021-03-17,FOMC,14:00,Fed meeting calendar
2021-04-02,NFP,08:30,BLS rule (approximate)
2021-04-28,FOMC,14:00,Fed meeting calendar
2021-05-07,NFP,08:30,BLS rule (approximate)
2021-06-04,NFP,08:30,BLS rule (approximate)
2021-06-16,FOMC,14:00,Fed meeting calendar
2021-07-02,NFP,08:30,BLS rule (approximate)
2021-07-28,FOMC,14:00,Fed meeting calendar
2021-08-06,NFP,08:30,BLS rule (approximate)
2021-09-03,NFP,08:30,BLS rule (approximate)
2021-09-22,FOMC,14:00,Fed meeting calendar
2021-10-08,NFP,08:30,BLS rule (approximate)
2021-11-03,FOMC,14:00,Fed meeting calendar
2021-11-05,NFP,08:30,BLS rule (approximate)
2021-12-03,NFP,08:30,BLS rule (approximate)
2021-12-15,FOMC,14:00,Fed meeting calendar
2022-01-07,NFP,08:30,BLS rule (approximate)
2022-01-26,FOMC,14:00,Fed meeting calendar
2022-02-04,NFP,08:30,BLS rule (approximate)
2022-03-04,NFP,08:30,BLS rule (approximate)
2022-03-16,FOMC,14:00,Fed meeting calendar
2022-04-01,NFP,08:30,BLS rule (approximate)
2022-05-04,FOMC,14:00,Fed meeting calendar
2022-05-06,NFP,08:30,BLS rule (approximate)
2022-06-03,NFP,08:30,BLS rule (approximate)
2022-06-15,FOMC,14:00,Fed meeting calendar
2022-07-08,NFP,08:30,BLS rule (approximate)
2022-07-27,FOMC,14:00,Fed meeting calendar
2022-08-05,NFP,08:30,BLS rule (approximate)
2022-09-02,NFP,08:30,BLS rule (approximate)
2022-09-21,FOMC,14:00,Fed meeting calendar
2022-10-07,NFP,08:30,BLS rule (approximate)
2022-11-02,FOMC,14:00,Fed meeting calendar
2022-11-04,NFP,08:30,BLS rule (approximate)
2022-12-02,NFP,08:30,BLS rule (approximate)
2022-12-14,FOMC,14:00,Fed meeting calendar
2023-01-06,NFP,08:30,BLS rule (approximate)
2023-02-01,FOMC,14:00,Fed meeting calendar
2023-02-03,NFP,08:30,BLS rule (approximate)
2023-03-10,NFP,08:30,BLS rule (approximate)
2023-03-22,FOMC,14:00,Fed meeting calendar
2023-04-07,NFP,08:30,BLS rule (approximate)
2023-05-03,FOMC,14:00,Fed meeting calendar
2023-05-05,NFP,08:30,BLS rule (approximate)
2023-06-02,NFP,08:30,BLS rule (approximate)
2023-06-14,FOMC,14:00,Fed meeting calendar
2023-07-07,NFP,08:30,BLS rule (approximate)
2023-07-26,FOMC,14:00,Fed meeting calendar
2023-08-04,NFP,08:30,BLS rule (approximate)
2023-09-01,NFP,08:30,BLS rule (approximate)
2023-09-20,FOMC,14:00,Fed meeting calendar
2023-10-06,NFP,08:30,BLS rule (approximate)
2023-11-01,FOMC,14:00,Fed meeting calendar
2023-11-03,NFP,08:30,BLS rule (approximate)
2023-12-08,NFP,08:30,BLS rule (approximate)
2023-12-13,FOMC,14:00,Fed meeting calendar
2024-01-05,NFP,08:30,BLS rule (approximate)
2024-01-31,FOMC,14:00,Fed meeting calendar
2024-02-02,NFP,08:30,BLS rule (approximate)
2024-03-08,NFP,08:30,BLS rule (approximate)
2024-03-20,FOMC,14:00,Fed meeting calendar
2024-04-05,NFP,08:30,BLS rule (approximate)
2024-05-01,FOMC,14:00,Fed meeting calendar
2024-05-03,NFP,08:30,BLS rule (approximate)
2024-06-07,NFP,08:30,BLS rule (approximate)
2024-06-12,FOMC,14:00,Fed meeting calendar
2024-07-05,NFP,08:30,BLS rule (approximate)
2024-07-31,FOMC,14:00,Fed meeting calendar
2024-08-02,NFP,08:30,BLS rule (approximate)
2024-09-06,NFP,08:30,BLS rule (approximate)
2024-09-18,FOMC,14:00,Fed meeting calendar
2024-10-04,NFP,08:30,BLS rule (approximate)
2024-11-01,NFP,08:30,BLS rule (approximate)
2024-11-07,FOMC,14:00,Fed meeting calendar
2024-12-06,NFP,08:30,BLS rule (approximate)
2024-12-18,FOMC,14:00,Fed meeting calendar
2025-01-10,NFP,08:30,BLS rule (approximate)
2025-01-29,FOMC,14:00,Fed meeting calendar
2025-02-07,NFP,08:30,BLS rule (approximate)
2025-03-07,NFP,08:30,BLS rule (approximate)
2025-03-19,FOMC,14:00,Fed meeting calendar
2025-04-04,NFP,08:30,BLS rule (approximate)
2025-05-02,NFP,08:30,BLS rule (approximate)
2025-05-07,FOMC,14:00,Fed meeting calendar
2025-06-06,NFP,08:30,BLS rule (approximate)
2025-06-18,FOMC,14:00,Fed meeting calendar
2025-07-03,NFP,08:30,BLS rule (approximate)
2025-07-30,FOMC,14:00,Fed meeting calendar
2025-08-01,NFP,08:30,BLS rule (approximate)
2025-09-05,NFP,08:30,BLS rule (approximate)
2025-09-17,FOMC,14:00,Fed meeting calendar
2025-10-29,FOMC,14:00,Fed meeting calendar
2025-11-20,NFP,08:30,BLS (shutdown-adjusted)
2025-12-10,FOMC,14:00,Fed meeting calendar
2025-12-16,NFP,08:30,BLS (shutdown-adjusted)
2026-01-09,NFP,08:30,BLS rule (approximate)
2026-01-28,FOMC,14:00,Fed meeting calendar
2026-02-06,NFP,08:30,BLS rule (approximate)
2026-03-06,NFP,08:30,BLS rule (approximate)
2026-03-18,FOMC,14:00,Fed meeting calendar
2026-04-03,NFP,08:30,BLS rule (approximate)
2026-04-29,FOMC,14:00,Fed meeting calendar
2026-05-08,NFP,08:30,BLS rule (approximate)
2026-06-05,NFP,08:30,BLS rule (approximate)
2026-06-17,FOMC,14:00,Fed meeting calendar
2026-07-02,NFP,08:30,BLS rule (approximate)
2026-07-29,FOMC,14:00,Fed meeting calendar
2026-08-07,NFP,08:30,BLS rule (approximate)
2026-09-04,NFP,08:30,BLS rule (approximate)
2026-09-16,FOMC,14:00,Fed meeting calendar
2026-10-02,NFP,08:30,BLS rule (approximate)
2026-10-28,FOMC,14:00,Fed meeting calendar
2026-11-06,NFP,08:30,BLS rule (approximate)
2026-12-04,NFP,08:30,BLS rule (approximate)
2026-12-09,FOMC,14:00,Fed meeting calendar
